{
  "project_info": {
    "project_number": "434323918137",
    "project_id": "find-a-donor-test",
    "storage_bucket": "find-a-donor-test.appspot.com"
  },
  "client": [
    {
      "client_info": {
        "mobilesdk_app_id": "1:434323918137:android:34bee1f70e69830fc3ece8",
        "android_client_info": {
          "package_name": "com.cbtest.findadonortest"
        }
      },
      "oauth_client": [
        {
          "client_id": "434323918137-q9tathfg9p47ieonf5dejgk9jkomtkqb.apps.googleusercontent.com",
          "client_type": 1,
          "android_info": {
            "package_name": "com.cbtest.findadonortest",
            "certificate_hash": "2f5be008d2b4031b348e27ffd67a985841c24875"
          }
        },
        {
          "client_id": "434323918137-aj4ouddk4bcsrek6nntvp230lkr52jcb.apps.googleusercontent.com",
          "client_type": 3
        }
      ],
      "api_key": [
        {
          "current_key": "AIzaSyDPBZsHQOjTTelpUpDdJ-dPcJLjAE4VuBI"
        }
      ],
      "services": {
        "appinvite_service": {
          "other_platform_oauth_client": [
            {
              "client_id": "434323918137-aj4ouddk4bcsrek6nntvp230lkr52jcb.apps.googleusercontent.com",
              "client_type": 3
            }
          ]
        }
      }
    }
  ],
  "configuration_version": "1"
}